model,rank_test_rmse,mean_test_rmse,std_test_rmse,mean_test_mae,std_test_mae,mean_test_r2,std_test_r2,params
ridge,1,0.4638522301155966,0.029403321299724377,0.3057946271094993,0.008346456318441359,0.9999992955818657,8.105305286047884e-08,{'model__alpha': 10.0}
ridge,2,0.4211084991868411,0.03614018691553048,0.2791433099639913,0.010599125601135725,0.9999994171775043,9.729026524886954e-08,{'model__alpha': 3.0}
ridge,3,0.42031122384144376,0.024385156874374946,0.2792519647710582,0.007004824748983823,0.9999994217863504,6.112021424053514e-08,{'model__alpha': 1.0}
ridge,4,0.4114722692947762,0.030573113286770853,0.27109187714716443,0.007123971165305494,0.9999994442858083,7.996490423750896e-08,{'model__alpha': 0.1}
